Handle;a_ОТМЕТКА;d_диам1;d_диам2;d_Таблица блоков1;d_Диаметр;d_Расстояние1;d_Расстояние2;d_Видимость1;d_Расстояние;d_Вып2;d_Вып1;d_Д2;d_Д1;d_Flip state1;p_Layer;p_ColorIndex;p_ScaleX;p_ScaleY;p_ScaleZ;p_PositionX;p_PositionY;p_PositionZ;p_Rotation
'156278;550.001;;;;;;;;;;;;;;0;256;1;1;1;57873.8717861084;12477.5617135236;0;0
'156275;550.002;;;;;;;;;;;;;;0;256;1;1;1;55279.7702607988;13490.4351266494;0;0
'156272;550.003;;;;;;;;;;;;;;0;256;1;1;1;54266.4493449987;9479.45665056714;0;0
'156269;550.004;;;;;;;;;;;;;;0;256;1;1;1;54347.5151522344;7413.19508406903;0;0
'156152;;80;90;-1;Пользовательский;280;280;закрашено;;;;;;;0;256;100;100;100;51976.5344862341;7663.91306538327;0;0
'156089;;;;;;;;;160;50;16;1;1;;0;256;1;1;1;53906.7182938694;6633.57347349235;0;0
'155921;;;;;;;;;;;;;;0;0;256;1;1;1;9157.76854494443;14193.1216810579;0;0
