Handle;a_Œ“Ã≈“ ¿;p_Position;p_Rotation;p_ScaleFactors;p_Layer;p_ColorIndex
'156278;550.001;(57873.8717861084,12477.5617135236,0);1;(1,1,1);0;3
'156275;550.002;(55279.7702607988,13490.4351266494,0);1;(1,1,1);0;3
